"","hhsize_cat","n_individuals"
"0–2","0–2",5221.593799
"3–5","3–5",45748.305888
"6–10","6–10",45626.267078
"11+","11+",7239.102125
