"","hhsize_cat","n_individuals"
"0–2","0–2",194957.630797
"3–5","3–5",1463745.797751
"6–10","6–10",1048397.923989
"11+","11+",127195.678233
