"","hhsize_cat","n_individuals"
"0–2","0–2",4340.418644
"3–5","3–5",27496.665295
"6–10","6–10",30976.977331
"11+","11+",3964.616291
