"","hhsize_cat","n_individuals"
"0–2","0–2",1210.627796
"3–5","3–5",17147.780149
"6–10","6–10",42916.424109
"11+","11+",18783.240734
